[{
    "message": "Repository Nube_prueba does not delete branches on merge in default branch (main).",
    "metadata": {
        "event_code": "repository_branch_delete_on_merge_enabled",
        "product": {
            "name": "Prowler",
            "uid": "prowler",
            "vendor_name": "Prowler",
            "version": "5.12.3"
        },
        "profiles": [
            "cloud",
            "datetime"
        ],
        "version": "1.5.0"
    },
    "severity_id": 3,
    "severity": "Medium",
    "status": "New",
    "status_code": "FAIL",
    "status_detail": "Repository Nube_prueba does not delete branches on merge in default branch (main).",
    "status_id": 1,
    "unmapped": {
        "related_url": "https://docs.github.com/en/repositories/configuring-branches-and-merges-in-your-repository/managing-protected-branches/about-protected-branches",
        "categories": [],
        "depends_on": [],
        "related_to": [],
        "notes": "",
        "compliance": {
            "CIS-1.0": [
                "1.1.8"
            ]
        }
    },
    "activity_name": "Create",
    "activity_id": 1,
    "finding_info": {
        "created_time": 1759312655,
        "created_time_dt": "2025-10-01T09:57:35.829058",
        "desc": "Ensure that the repository deletes the branch after merging.",
        "title": "Check if a repository deletes the branch after merging",
        "types": [],
        "uid": "prowler-github-repository_branch_delete_on_merge_enabled-111091646-Nicolas2409-Nube_prueba"
    },
    "resources": [
        {
            "region": "Nicolas2409",
            "data": {
                "details": "",
                "metadata": {
                    "id": 1068142086,
                    "name": "Nube_prueba",
                    "owner": "Nicolas2409",
                    "full_name": "Nicolas2409/Nube_prueba",
                    "default_branch": {
                        "name": "main",
                        "protected": false,
                        "default_branch": true,
                        "require_pull_request": false,
                        "approval_count": 0,
                        "required_linear_history": false,
                        "allow_force_pushes": true,
                        "branch_deletion": true,
                        "status_checks": false,
                        "enforce_admins": false,
                        "require_code_owner_reviews": false,
                        "require_signed_commits": false,
                        "conversation_resolution": false
                    },
                    "private": false,
                    "archived": false,
                    "pushed_at": "2025-10-01T23:21:59+00:00",
                    "securitymd": false,
                    "codeowners_exists": false,
                    "secret_scanning_enabled": false,
                    "dependabot_alerts_enabled": false,
                    "delete_branch_on_merge": false
                }
            },
            "group": {
                "name": "repository"
            },
            "labels": [],
            "name": "Nube_prueba",
            "type": "GitHubRepository",
            "uid": "1068142086"
        }
    ],
    "category_name": "Findings",
    "class_name": "Detection Finding",
    "cloud": {
        "account": {
            "name": "Nicolas2409",
            "type": "Other",
            "type_id": 99,
            "uid": "111091646",
            "labels": []
        },
        "org": {},
        "provider": "github",
        "region": "Nicolas2409"
    },
    "remediation": {
        "desc": "Regularly review and remove inactive branches from your repositories. This helps reduce the risk of malicious code injection, sensitive data leaks, and unnecessary clutter in the repository. By keeping branches active and up to date, you ensure that your codebase remains secure and manageable.",
        "references": [
            "https://docs.github.com/en/repositories/configuring-branches-and-merges-in-your-repository/configuring-pull-request-merges/managing-the-automatic-deletion-of-branches"
        ]
    },
    "risk_details": "Inactive branches pose a security risk as they can accumulate outdated code, dependencies, and potential vulnerabilities over time. Malicious actors may exploit these branches, and they can clutter the repository, making it harder to manage and track the active code. Additionally, stale branches may unintentionally be accessed or used inappropriately, leading to potential security breaches.",
    "time": 1759312655,
    "time_dt": "2025-10-01T09:57:35.829058",
    "type_uid": 200401,
    "type_name": "Detection Finding: Create",
    "category_uid": 2,
    "class_uid": 2004
},{
    "message": "Repository Nube_prueba does allow default branch deletion.",
    "metadata": {
        "event_code": "repository_default_branch_deletion_disabled",
        "product": {
            "name": "Prowler",
            "uid": "prowler",
            "vendor_name": "Prowler",
            "version": "5.12.3"
        },
        "profiles": [
            "cloud",
            "datetime"
        ],
        "version": "1.5.0"
    },
    "severity_id": 4,
    "severity": "High",
    "status": "New",
    "status_code": "FAIL",
    "status_detail": "Repository Nube_prueba does allow default branch deletion.",
    "status_id": 1,
    "unmapped": {
        "related_url": "https://docs.github.com/en/repositories/configuring-branches-and-merges-in-your-repository/managing-protected-branches/about-protected-branches#allow-deletions",
        "categories": [],
        "depends_on": [],
        "related_to": [],
        "notes": "",
        "compliance": {
            "CIS-1.0": [
                "1.1.17"
            ]
        }
    },
    "activity_name": "Create",
    "activity_id": 1,
    "finding_info": {
        "created_time": 1759312655,
        "created_time_dt": "2025-10-01T09:57:35.829058",
        "desc": "Ensure that the repository denies default branch deletion.",
        "title": "Check if a repository denies default branch deletion",
        "types": [],
        "uid": "prowler-github-repository_default_branch_deletion_disabled-111091646-Nicolas2409-Nube_prueba"
    },
    "resources": [
        {
            "region": "Nicolas2409",
            "data": {
                "details": "",
                "metadata": {
                    "id": 1068142086,
                    "name": "Nube_prueba",
                    "owner": "Nicolas2409",
                    "full_name": "Nicolas2409/Nube_prueba",
                    "default_branch": {
                        "name": "main",
                        "protected": false,
                        "default_branch": true,
                        "require_pull_request": false,
                        "approval_count": 0,
                        "required_linear_history": false,
                        "allow_force_pushes": true,
                        "branch_deletion": true,
                        "status_checks": false,
                        "enforce_admins": false,
                        "require_code_owner_reviews": false,
                        "require_signed_commits": false,
                        "conversation_resolution": false
                    },
                    "private": false,
                    "archived": false,
                    "pushed_at": "2025-10-01T23:21:59+00:00",
                    "securitymd": false,
                    "codeowners_exists": false,
                    "secret_scanning_enabled": false,
                    "dependabot_alerts_enabled": false,
                    "delete_branch_on_merge": false
                }
            },
            "group": {
                "name": "repository"
            },
            "labels": [],
            "name": "Nube_prueba",
            "type": "GitHubRepository",
            "uid": "1068142086"
        }
    ],
    "category_name": "Findings",
    "class_name": "Detection Finding",
    "cloud": {
        "account": {
            "name": "Nicolas2409",
            "type": "Other",
            "type_id": 99,
            "uid": "111091646",
            "labels": []
        },
        "org": {},
        "provider": "github",
        "region": "Nicolas2409"
    },
    "remediation": {
        "desc": "Deny the ability to delete protected branches to ensure the preservation of critical branch data. This prevents accidental or malicious deletions and helps maintain the integrity and stability of the repository.",
        "references": [
            "https://docs.github.com/en/repositories/configuring-branches-and-merges-in-your-repository/managing-protected-branches/managing-a-branch-protection-rule"
        ]
    },
    "risk_details": "Allowing the deletion of protected branches by users with push access increases the risk of accidental or intentional branch removal, potentially resulting in significant data loss or disruption to the development process.",
    "time": 1759312655,
    "time_dt": "2025-10-01T09:57:35.829058",
    "type_uid": 200401,
    "type_name": "Detection Finding: Create",
    "category_uid": 2,
    "class_uid": 2004
},{
    "message": "Repository Nube_prueba does allow force pushes on default branch (main).",
    "metadata": {
        "event_code": "repository_default_branch_disallows_force_push",
        "product": {
            "name": "Prowler",
            "uid": "prowler",
            "vendor_name": "Prowler",
            "version": "5.12.3"
        },
        "profiles": [
            "cloud",
            "datetime"
        ],
        "version": "1.5.0"
    },
    "severity_id": 4,
    "severity": "High",
    "status": "New",
    "status_code": "FAIL",
    "status_detail": "Repository Nube_prueba does allow force pushes on default branch (main).",
    "status_id": 1,
    "unmapped": {
        "related_url": "https://docs.github.com/en/repositories/configuring-branches-and-merges-in-your-repository/managing-protected-branches/about-protected-branches#allow-force-pushes",
        "categories": [],
        "depends_on": [],
        "related_to": [],
        "notes": "",
        "compliance": {
            "CIS-1.0": [
                "1.1.16"
            ]
        }
    },
    "activity_name": "Create",
    "activity_id": 1,
    "finding_info": {
        "created_time": 1759312655,
        "created_time_dt": "2025-10-01T09:57:35.829058",
        "desc": "Ensure that the repository denies force push to protected branches.",
        "title": "Check if repository denies force push",
        "types": [],
        "uid": "prowler-github-repository_default_branch_disallows_force_push-111091646-Nicolas2409-Nube_prueba"
    },
    "resources": [
        {
            "region": "Nicolas2409",
            "data": {
                "details": "",
                "metadata": {
                    "id": 1068142086,
                    "name": "Nube_prueba",
                    "owner": "Nicolas2409",
                    "full_name": "Nicolas2409/Nube_prueba",
                    "default_branch": {
                        "name": "main",
                        "protected": false,
                        "default_branch": true,
                        "require_pull_request": false,
                        "approval_count": 0,
                        "required_linear_history": false,
                        "allow_force_pushes": true,
                        "branch_deletion": true,
                        "status_checks": false,
                        "enforce_admins": false,
                        "require_code_owner_reviews": false,
                        "require_signed_commits": false,
                        "conversation_resolution": false
                    },
                    "private": false,
                    "archived": false,
                    "pushed_at": "2025-10-01T23:21:59+00:00",
                    "securitymd": false,
                    "codeowners_exists": false,
                    "secret_scanning_enabled": false,
                    "dependabot_alerts_enabled": false,
                    "delete_branch_on_merge": false
                }
            },
            "group": {
                "name": "repository"
            },
            "labels": [],
            "name": "Nube_prueba",
            "type": "GithubRepository",
            "uid": "1068142086"
        }
    ],
    "category_name": "Findings",
    "class_name": "Detection Finding",
    "cloud": {
        "account": {
            "name": "Nicolas2409",
            "type": "Other",
            "type_id": 99,
            "uid": "111091646",
            "labels": []
        },
        "org": {},
        "provider": "github",
        "region": "Nicolas2409"
    },
    "remediation": {
        "desc": "Disable force pushes on protected branches to preserve the commit history and ensure the integrity of the repository. This measure helps prevent unintentional data loss and protects the repository from malicious changes.",
        "references": [
            "https://docs.github.com/en/repositories/configuring-branches-and-merges-in-your-repository/managing-protected-branches/managing-a-branch-protection-rule"
        ]
    },
    "risk_details": "Permitting force pushes to branches can lead to accidental or intentional overwrites of the commit history, resulting in potential data loss, code inconsistencies, or the introduction of malicious changes. This compromises the stability and security of the repository.",
    "time": 1759312655,
    "time_dt": "2025-10-01T09:57:35.829058",
    "type_uid": 200401,
    "type_name": "Detection Finding: Create",
    "category_uid": 2,
    "class_uid": 2004
},{
    "message": "Repository Nube_prueba does not enforce administrators to be subject to the same branch protection rules as other users.",
    "metadata": {
        "event_code": "repository_default_branch_protection_applies_to_admins",
        "product": {
            "name": "Prowler",
            "uid": "prowler",
            "vendor_name": "Prowler",
            "version": "5.12.3"
        },
        "profiles": [
            "cloud",
            "datetime"
        ],
        "version": "1.5.0"
    },
    "severity_id": 4,
    "severity": "High",
    "status": "New",
    "status_code": "FAIL",
    "status_detail": "Repository Nube_prueba does not enforce administrators to be subject to the same branch protection rules as other users.",
    "status_id": 1,
    "unmapped": {
        "related_url": "https://docs.github.com/en/repositories/configuring-branches-and-merges-in-your-repository/managing-protected-branches/about-protected-branches#do-not-allow-bypassing-the-above-settings",
        "categories": [],
        "depends_on": [],
        "related_to": [],
        "notes": "",
        "compliance": {
            "CIS-1.0": [
                "1.1.14"
            ]
        }
    },
    "activity_name": "Create",
    "activity_id": 1,
    "finding_info": {
        "created_time": 1759312655,
        "created_time_dt": "2025-10-01T09:57:35.829058",
        "desc": "Ensure that the repository enforces branch protection rules for administrators.",
        "title": "Check if repository enforces admin branch protection",
        "types": [],
        "uid": "prowler-github-repository_default_branch_protection_applies_to_admins-111091646-Nicolas2409-Nube_prueba"
    },
    "resources": [
        {
            "region": "Nicolas2409",
            "data": {
                "details": "",
                "metadata": {
                    "id": 1068142086,
                    "name": "Nube_prueba",
                    "owner": "Nicolas2409",
                    "full_name": "Nicolas2409/Nube_prueba",
                    "default_branch": {
                        "name": "main",
                        "protected": false,
                        "default_branch": true,
                        "require_pull_request": false,
                        "approval_count": 0,
                        "required_linear_history": false,
                        "allow_force_pushes": true,
                        "branch_deletion": true,
                        "status_checks": false,
                        "enforce_admins": false,
                        "require_code_owner_reviews": false,
                        "require_signed_commits": false,
                        "conversation_resolution": false
                    },
                    "private": false,
                    "archived": false,
                    "pushed_at": "2025-10-01T23:21:59+00:00",
                    "securitymd": false,
                    "codeowners_exists": false,
                    "secret_scanning_enabled": false,
                    "dependabot_alerts_enabled": false,
                    "delete_branch_on_merge": false
                }
            },
            "group": {
                "name": "repository"
            },
            "labels": [],
            "name": "Nube_prueba",
            "type": "GithubRepository",
            "uid": "1068142086"
        }
    ],
    "category_name": "Findings",
    "class_name": "Detection Finding",
    "cloud": {
        "account": {
            "name": "Nicolas2409",
            "type": "Other",
            "type_id": 99,
            "uid": "111091646",
            "labels": []
        },
        "org": {},
        "provider": "github",
        "region": "Nicolas2409"
    },
    "remediation": {
        "desc": "Enforce branch protection rules for administrators to ensure they adhere to the same security and quality standards as other users. This mitigates the risk of unreviewed or untrusted code being introduced, enhancing the overall integrity of the codebase.",
        "references": [
            "https://docs.github.com/en/repositories/configuring-branches-and-merges-in-your-repository/managing-protected-branches/managing-a-branch-protection-rule"
        ]
    },
    "risk_details": "Excluding administrators from branch protection rules introduces a significant risk of unauthorized or unreviewed changes being pushed to protected branches. This can lead to vulnerabilities, including the potential insertion of malicious code, especially if an administrator account is compromised.",
    "time": 1759312655,
    "time_dt": "2025-10-01T09:57:35.829058",
    "type_uid": 200401,
    "type_name": "Detection Finding: Create",
    "category_uid": 2,
    "class_uid": 2004
},{
    "message": "Repository Nube_prueba does not enforce branch protection on default branch (main).",
    "metadata": {
        "event_code": "repository_default_branch_protection_enabled",
        "product": {
            "name": "Prowler",
            "uid": "prowler",
            "vendor_name": "Prowler",
            "version": "5.12.3"
        },
        "profiles": [
            "cloud",
            "datetime"
        ],
        "version": "1.5.0"
    },
    "severity_id": 5,
    "severity": "Critical",
    "status": "New",
    "status_code": "FAIL",
    "status_detail": "Repository Nube_prueba does not enforce branch protection on default branch (main).",
    "status_id": 1,
    "unmapped": {
        "related_url": "https://docs.github.com/en/repositories/configuring-branches-and-merges-in-your-repository/managing-protected-branches/about-protected-branches",
        "categories": [],
        "depends_on": [],
        "related_to": [],
        "notes": "",
        "compliance": {
            "CIS-1.0": [
                "1.1.20"
            ]
        }
    },
    "activity_name": "Create",
    "activity_id": 1,
    "finding_info": {
        "created_time": 1759312655,
        "created_time_dt": "2025-10-01T09:57:35.829058",
        "desc": "Ensure branch protection is enforced on the default branch",
        "title": "Check if branch protection is enforced on the default branch ",
        "types": [],
        "uid": "prowler-github-repository_default_branch_protection_enabled-111091646-Nicolas2409-Nube_prueba"
    },
    "resources": [
        {
            "region": "Nicolas2409",
            "data": {
                "details": "",
                "metadata": {
                    "id": 1068142086,
                    "name": "Nube_prueba",
                    "owner": "Nicolas2409",
                    "full_name": "Nicolas2409/Nube_prueba",
                    "default_branch": {
                        "name": "main",
                        "protected": false,
                        "default_branch": true,
                        "require_pull_request": false,
                        "approval_count": 0,
                        "required_linear_history": false,
                        "allow_force_pushes": true,
                        "branch_deletion": true,
                        "status_checks": false,
                        "enforce_admins": false,
                        "require_code_owner_reviews": false,
                        "require_signed_commits": false,
                        "conversation_resolution": false
                    },
                    "private": false,
                    "archived": false,
                    "pushed_at": "2025-10-01T23:21:59+00:00",
                    "securitymd": false,
                    "codeowners_exists": false,
                    "secret_scanning_enabled": false,
                    "dependabot_alerts_enabled": false,
                    "delete_branch_on_merge": false
                }
            },
            "group": {
                "name": "repository"
            },
            "labels": [],
            "name": "Nube_prueba",
            "type": "GitHubRepository",
            "uid": "1068142086"
        }
    ],
    "category_name": "Findings",
    "class_name": "Detection Finding",
    "cloud": {
        "account": {
            "name": "Nicolas2409",
            "type": "Other",
            "type_id": 99,
            "uid": "111091646",
            "labels": []
        },
        "org": {},
        "provider": "github",
        "region": "Nicolas2409"
    },
    "remediation": {
        "desc": "Apply branch protection rules to the default branch to ensure it is safeguarded against unauthorized or improper modifications. This helps maintain code quality, enforces proper review and testing procedures, and reduces the risk of accidental or malicious changes.",
        "references": [
            "https://docs.github.com/en/repositories/configuring-branches-and-merges-in-your-repository/managing-protected-branches/managing-a-branch-protection-rule#creating-a-branch-protection-rule"
        ]
    },
    "risk_details": "The absence of branch protection on the default branch increases the risk of unauthorized, unreviewed, or untested changes being merged. This can compromise the stability, security, and reliability of the codebase, which is especially critical for production deployments.",
    "time": 1759312655,
    "time_dt": "2025-10-01T09:57:35.829058",
    "type_uid": 200401,
    "type_name": "Detection Finding: Create",
    "category_uid": 2,
    "class_uid": 2004
},{
    "message": "Repository Nube_prueba does not require code owner approval for changes to owned code.",
    "metadata": {
        "event_code": "repository_default_branch_requires_codeowners_review",
        "product": {
            "name": "Prowler",
            "uid": "prowler",
            "vendor_name": "Prowler",
            "version": "5.12.3"
        },
        "profiles": [
            "cloud",
            "datetime"
        ],
        "version": "1.5.0"
    },
    "severity_id": 4,
    "severity": "High",
    "status": "New",
    "status_code": "FAIL",
    "status_detail": "Repository Nube_prueba does not require code owner approval for changes to owned code.",
    "status_id": 1,
    "unmapped": {
        "related_url": "https://docs.github.com/en/repositories/managing-your-repositorys-settings-and-features/customizing-your-repository/about-code-owners#requiring-code-owner-review",
        "categories": [],
        "depends_on": [],
        "related_to": [],
        "notes": "",
        "compliance": {
            "CIS-1.0": [
                "1.1.7"
            ]
        }
    },
    "activity_name": "Create",
    "activity_id": 1,
    "finding_info": {
        "created_time": 1759312655,
        "created_time_dt": "2025-10-01T09:57:35.829058",
        "desc": "Ensure that code owners are required to review and approve any proposed changes that affect their respective areas of ownership in the code base.",
        "title": "Check if code owner approval is required for changes to owned code",
        "types": [],
        "uid": "prowler-github-repository_default_branch_requires_codeowners_review-111091646-Nicolas2409-Nube_prueba"
    },
    "resources": [
        {
            "region": "Nicolas2409",
            "data": {
                "details": "",
                "metadata": {
                    "id": 1068142086,
                    "name": "Nube_prueba",
                    "owner": "Nicolas2409",
                    "full_name": "Nicolas2409/Nube_prueba",
                    "default_branch": {
                        "name": "main",
                        "protected": false,
                        "default_branch": true,
                        "require_pull_request": false,
                        "approval_count": 0,
                        "required_linear_history": false,
                        "allow_force_pushes": true,
                        "branch_deletion": true,
                        "status_checks": false,
                        "enforce_admins": false,
                        "require_code_owner_reviews": false,
                        "require_signed_commits": false,
                        "conversation_resolution": false
                    },
                    "private": false,
                    "archived": false,
                    "pushed_at": "2025-10-01T23:21:59+00:00",
                    "securitymd": false,
                    "codeowners_exists": false,
                    "secret_scanning_enabled": false,
                    "dependabot_alerts_enabled": false,
                    "delete_branch_on_merge": false
                }
            },
            "group": {
                "name": "repository"
            },
            "labels": [],
            "name": "Nube_prueba",
            "type": "GitHubRepository",
            "uid": "1068142086"
        }
    ],
    "category_name": "Findings",
    "class_name": "Detection Finding",
    "cloud": {
        "account": {
            "name": "Nicolas2409",
            "type": "Other",
            "type_id": 99,
            "uid": "111091646",
            "labels": []
        },
        "org": {},
        "provider": "github",
        "region": "Nicolas2409"
    },
    "remediation": {
        "desc": "To require code owner review, navigate to the repository settings, click on 'Branches', add or edit a branch protection rule, and enable 'Require review from Code Owners'.",
        "references": [
            "https://docs.github.com/en/repositories/configuring-branches-and-merges-in-your-repository/managing-protected-branches/about-protected-branches#require-review-from-code-owners"
        ]
    },
    "risk_details": "If code owner approval is not required, unauthorized or unqualified individuals may merge changes to sensitive or critical areas of the codebase, increasing the risk of security vulnerabilities, bugs, or malicious modifications.",
    "time": 1759312655,
    "time_dt": "2025-10-01T09:57:35.829058",
    "type_uid": 200401,
    "type_name": "Detection Finding: Create",
    "category_uid": 2,
    "class_uid": 2004
},{
    "message": "Repository Nube_prueba does not require conversation resolution on default branch (main).",
    "metadata": {
        "event_code": "repository_default_branch_requires_conversation_resolution",
        "product": {
            "name": "Prowler",
            "uid": "prowler",
            "vendor_name": "Prowler",
            "version": "5.12.3"
        },
        "profiles": [
            "cloud",
            "datetime"
        ],
        "version": "1.5.0"
    },
    "severity_id": 3,
    "severity": "Medium",
    "status": "New",
    "status_code": "FAIL",
    "status_detail": "Repository Nube_prueba does not require conversation resolution on default branch (main).",
    "status_id": 1,
    "unmapped": {
        "related_url": "https://docs.github.com/en/repositories/configuring-branches-and-merges-in-your-repository/managing-protected-branches/about-protected-branches#require-conversation-resolution-before-merging",
        "categories": [],
        "depends_on": [],
        "related_to": [],
        "notes": "",
        "compliance": {
            "CIS-1.0": [
                "1.1.11"
            ]
        }
    },
    "activity_name": "Create",
    "activity_id": 1,
    "finding_info": {
        "created_time": 1759312655,
        "created_time_dt": "2025-10-01T09:57:35.829058",
        "desc": "Ensure that the repository requires conversation resolution before merging.",
        "title": "Check if repository requires conversation resolution before merging",
        "types": [],
        "uid": "prowler-github-repository_default_branch_requires_conversation_resolution-111091646-Nicolas2409-Nube_prueba"
    },
    "resources": [
        {
            "region": "Nicolas2409",
            "data": {
                "details": "",
                "metadata": {
                    "id": 1068142086,
                    "name": "Nube_prueba",
                    "owner": "Nicolas2409",
                    "full_name": "Nicolas2409/Nube_prueba",
                    "default_branch": {
                        "name": "main",
                        "protected": false,
                        "default_branch": true,
                        "require_pull_request": false,
                        "approval_count": 0,
                        "required_linear_history": false,
                        "allow_force_pushes": true,
                        "branch_deletion": true,
                        "status_checks": false,
                        "enforce_admins": false,
                        "require_code_owner_reviews": false,
                        "require_signed_commits": false,
                        "conversation_resolution": false
                    },
                    "private": false,
                    "archived": false,
                    "pushed_at": "2025-10-01T23:21:59+00:00",
                    "securitymd": false,
                    "codeowners_exists": false,
                    "secret_scanning_enabled": false,
                    "dependabot_alerts_enabled": false,
                    "delete_branch_on_merge": false
                }
            },
            "group": {
                "name": "repository"
            },
            "labels": [],
            "name": "Nube_prueba",
            "type": "GitHubRepository",
            "uid": "1068142086"
        }
    ],
    "category_name": "Findings",
    "class_name": "Detection Finding",
    "cloud": {
        "account": {
            "name": "Nicolas2409",
            "type": "Other",
            "type_id": 99,
            "uid": "111091646",
            "labels": []
        },
        "org": {},
        "provider": "github",
        "region": "Nicolas2409"
    },
    "remediation": {
        "desc": "Ensure that all comments in a code change proposal are resolved before merging. This guarantees that every reviewer\u2019s concern is addressed, improving code quality and security by preventing issues from being ignored or overlooked.",
        "references": [
            "https://docs.github.com/en/repositories/configuring-branches-and-merges-in-your-repository/managing-protected-branches/managing-a-branch-protection-rule"
        ]
    },
    "risk_details": "Leaving comments unresolved before merging code can lead to overlooked issues, including potential bugs or security vulnerabilities, that might affect the quality and security of the codebase. Unaddressed concerns could result in a lower quality of code, increasing the risk of production failures or breaches.",
    "time": 1759312655,
    "time_dt": "2025-10-01T09:57:35.829058",
    "type_uid": 200401,
    "type_name": "Detection Finding: Create",
    "category_uid": 2,
    "class_uid": 2004
},{
    "message": "Repository Nube_prueba does not require linear history on default branch (main).",
    "metadata": {
        "event_code": "repository_default_branch_requires_linear_history",
        "product": {
            "name": "Prowler",
            "uid": "prowler",
            "vendor_name": "Prowler",
            "version": "5.12.3"
        },
        "profiles": [
            "cloud",
            "datetime"
        ],
        "version": "1.5.0"
    },
    "severity_id": 3,
    "severity": "Medium",
    "status": "New",
    "status_code": "FAIL",
    "status_detail": "Repository Nube_prueba does not require linear history on default branch (main).",
    "status_id": 1,
    "unmapped": {
        "related_url": "https://docs.github.com/en/repositories/configuring-branches-and-merges-in-your-repository/managing-protected-branches/about-protected-branches#require-linear-history",
        "categories": [],
        "depends_on": [],
        "related_to": [],
        "notes": "",
        "compliance": {
            "CIS-1.0": [
                "1.1.13"
            ]
        }
    },
    "activity_name": "Create",
    "activity_id": 1,
    "finding_info": {
        "created_time": 1759312655,
        "created_time_dt": "2025-10-01T09:57:35.829058",
        "desc": "Ensure that the repository default branch requires linear history.",
        "title": "Check if repository default branch requires linear history",
        "types": [],
        "uid": "prowler-github-repository_default_branch_requires_linear_history-111091646-Nicolas2409-Nube_prueba"
    },
    "resources": [
        {
            "region": "Nicolas2409",
            "data": {
                "details": "",
                "metadata": {
                    "id": 1068142086,
                    "name": "Nube_prueba",
                    "owner": "Nicolas2409",
                    "full_name": "Nicolas2409/Nube_prueba",
                    "default_branch": {
                        "name": "main",
                        "protected": false,
                        "default_branch": true,
                        "require_pull_request": false,
                        "approval_count": 0,
                        "required_linear_history": false,
                        "allow_force_pushes": true,
                        "branch_deletion": true,
                        "status_checks": false,
                        "enforce_admins": false,
                        "require_code_owner_reviews": false,
                        "require_signed_commits": false,
                        "conversation_resolution": false
                    },
                    "private": false,
                    "archived": false,
                    "pushed_at": "2025-10-01T23:21:59+00:00",
                    "securitymd": false,
                    "codeowners_exists": false,
                    "secret_scanning_enabled": false,
                    "dependabot_alerts_enabled": false,
                    "delete_branch_on_merge": false
                }
            },
            "group": {
                "name": "repository"
            },
            "labels": [],
            "name": "Nube_prueba",
            "type": "GithubRepository",
            "uid": "1068142086"
        }
    ],
    "category_name": "Findings",
    "class_name": "Detection Finding",
    "cloud": {
        "account": {
            "name": "Nicolas2409",
            "type": "Other",
            "type_id": 99,
            "uid": "111091646",
            "labels": []
        },
        "org": {},
        "provider": "github",
        "region": "Nicolas2409"
    },
    "remediation": {
        "desc": "Enforce a linear history by requiring rebase or squash merges for pull requests. This will create a clean, chronological commit history, making it easier to track changes, revert modifications, and troubleshoot any issues that arise.",
        "references": [
            "https://docs.github.com/en/repositories/configuring-branches-and-merges-in-your-repository/managing-protected-branches/managing-a-branch-protection-rule"
        ]
    },
    "risk_details": "Allowing non-linear history can result in a cluttered and difficult-to-trace Git history, making it harder to identify specific changes, debug issues, and understand the sequence of development. This increases the risk of errors, inconsistencies, and bugs, especially in production environments.",
    "time": 1759312655,
    "time_dt": "2025-10-01T09:57:35.829058",
    "type_uid": 200401,
    "type_name": "Detection Finding: Create",
    "category_uid": 2,
    "class_uid": 2004
},{
    "message": "Repository Nube_prueba does not enforce at least 2 approvals for code changes.",
    "metadata": {
        "event_code": "repository_default_branch_requires_multiple_approvals",
        "product": {
            "name": "Prowler",
            "uid": "prowler",
            "vendor_name": "Prowler",
            "version": "5.12.3"
        },
        "profiles": [
            "cloud",
            "datetime"
        ],
        "version": "1.5.0"
    },
    "severity_id": 4,
    "severity": "High",
    "status": "New",
    "status_code": "FAIL",
    "status_detail": "Repository Nube_prueba does not enforce at least 2 approvals for code changes.",
    "status_id": 1,
    "unmapped": {
        "related_url": "https://docs.github.com/en/pull-requests/collaborating-with-pull-requests/reviewing-changes-in-pull-requests/approving-a-pull-request-with-required-reviews",
        "categories": [],
        "depends_on": [],
        "related_to": [],
        "notes": "",
        "compliance": {
            "CIS-1.0": [
                "1.1.3"
            ]
        }
    },
    "activity_name": "Create",
    "activity_id": 1,
    "finding_info": {
        "created_time": 1759312655,
        "created_time_dt": "2025-10-01T09:57:35.829058",
        "desc": "Ensure that repositories require at least 2 code changes approvals before merging a pull request.",
        "title": "Check if repositories require at least 2 code changes approvals",
        "types": [],
        "uid": "prowler-github-repository_default_branch_requires_multiple_approvals-111091646-Nicolas2409-Nube_prueba"
    },
    "resources": [
        {
            "region": "Nicolas2409",
            "data": {
                "details": "",
                "metadata": {
                    "id": 1068142086,
                    "name": "Nube_prueba",
                    "owner": "Nicolas2409",
                    "full_name": "Nicolas2409/Nube_prueba",
                    "default_branch": {
                        "name": "main",
                        "protected": false,
                        "default_branch": true,
                        "require_pull_request": false,
                        "approval_count": 0,
                        "required_linear_history": false,
                        "allow_force_pushes": true,
                        "branch_deletion": true,
                        "status_checks": false,
                        "enforce_admins": false,
                        "require_code_owner_reviews": false,
                        "require_signed_commits": false,
                        "conversation_resolution": false
                    },
                    "private": false,
                    "archived": false,
                    "pushed_at": "2025-10-01T23:21:59+00:00",
                    "securitymd": false,
                    "codeowners_exists": false,
                    "secret_scanning_enabled": false,
                    "dependabot_alerts_enabled": false,
                    "delete_branch_on_merge": false
                }
            },
            "group": {
                "name": "repository"
            },
            "labels": [],
            "name": "Nube_prueba",
            "type": "GitHubRepository",
            "uid": "1068142086"
        }
    ],
    "category_name": "Findings",
    "class_name": "Detection Finding",
    "cloud": {
        "account": {
            "name": "Nicolas2409",
            "type": "Other",
            "type_id": 99,
            "uid": "111091646",
            "labels": []
        },
        "org": {},
        "provider": "github",
        "region": "Nicolas2409"
    },
    "remediation": {
        "desc": "To require at least 2 code changes approvals before merging a pull request, navigate to the repository settings, click on 'Branches', and then 'Add rule'.",
        "references": [
            "https://docs.github.com/en/repositories/configuring-branches-and-merges-in-your-repository/managing-protected-branches/about-protected-branches#require-pull-request-reviews-before-merging"
        ]
    },
    "risk_details": "If repositories do not require at least 2 code changes approvals before merging a pull request, it is possible that code changes are not being reviewed by multiple people, which could lead to the introduction of bugs or security vulnerabilities.",
    "time": 1759312655,
    "time_dt": "2025-10-01T09:57:35.829058",
    "type_uid": 200401,
    "type_name": "Detection Finding: Create",
    "category_uid": 2,
    "class_uid": 2004
},{
    "message": "Repository Nube_prueba does not require signed commits on default branch (main).",
    "metadata": {
        "event_code": "repository_default_branch_requires_signed_commits",
        "product": {
            "name": "Prowler",
            "uid": "prowler",
            "vendor_name": "Prowler",
            "version": "5.12.3"
        },
        "profiles": [
            "cloud",
            "datetime"
        ],
        "version": "1.5.0"
    },
    "severity_id": 3,
    "severity": "Medium",
    "status": "New",
    "status_code": "FAIL",
    "status_detail": "Repository Nube_prueba does not require signed commits on default branch (main).",
    "status_id": 1,
    "unmapped": {
        "related_url": "https://docs.github.com/en/authentication/managing-commit-signature-verification/about-commit-signature-verification",
        "categories": [],
        "depends_on": [],
        "related_to": [],
        "notes": "",
        "compliance": {
            "CIS-1.0": [
                "1.1.12"
            ]
        }
    },
    "activity_name": "Create",
    "activity_id": 1,
    "finding_info": {
        "created_time": 1759312655,
        "created_time_dt": "2025-10-01T09:57:35.829058",
        "desc": "Ensure that every commit in a pull request is signed and verified before merging to the default branch.",
        "title": "Check if repository requires signed commits",
        "types": [],
        "uid": "prowler-github-repository_default_branch_requires_signed_commits-111091646-Nicolas2409-Nube_prueba"
    },
    "resources": [
        {
            "region": "Nicolas2409",
            "data": {
                "details": "",
                "metadata": {
                    "id": 1068142086,
                    "name": "Nube_prueba",
                    "owner": "Nicolas2409",
                    "full_name": "Nicolas2409/Nube_prueba",
                    "default_branch": {
                        "name": "main",
                        "protected": false,
                        "default_branch": true,
                        "require_pull_request": false,
                        "approval_count": 0,
                        "required_linear_history": false,
                        "allow_force_pushes": true,
                        "branch_deletion": true,
                        "status_checks": false,
                        "enforce_admins": false,
                        "require_code_owner_reviews": false,
                        "require_signed_commits": false,
                        "conversation_resolution": false
                    },
                    "private": false,
                    "archived": false,
                    "pushed_at": "2025-10-01T23:21:59+00:00",
                    "securitymd": false,
                    "codeowners_exists": false,
                    "secret_scanning_enabled": false,
                    "dependabot_alerts_enabled": false,
                    "delete_branch_on_merge": false
                }
            },
            "group": {
                "name": "repository"
            },
            "labels": [],
            "name": "Nube_prueba",
            "type": "GitHubRepository",
            "uid": "1068142086"
        }
    ],
    "category_name": "Findings",
    "class_name": "Detection Finding",
    "cloud": {
        "account": {
            "name": "Nicolas2409",
            "type": "Other",
            "type_id": 99,
            "uid": "111091646",
            "labels": []
        },
        "org": {},
        "provider": "github",
        "region": "Nicolas2409"
    },
    "remediation": {
        "desc": "Enable the 'Require signed commits' option in branch protection rules to ensure that all commits are cryptographically signed and verified before they can be merged.",
        "references": [
            "https://docs.github.com/en/repositories/configuring-branches-and-merges-in-your-repository/managing-protected-branches/about-protected-branches#require-signed-commits"
        ]
    },
    "risk_details": "If repositories do not require signed commits, there is no way to verify the authenticity and integrity of code changes. This could allow malicious actors to impersonate legitimate contributors and introduce unauthorized or harmful changes to the codebase.",
    "time": 1759312655,
    "time_dt": "2025-10-01T09:57:35.829058",
    "type_uid": 200401,
    "type_name": "Detection Finding: Create",
    "category_uid": 2,
    "class_uid": 2004
},{
    "message": "Repository Nube_prueba does not enforce status checks.",
    "metadata": {
        "event_code": "repository_default_branch_status_checks_required",
        "product": {
            "name": "Prowler",
            "uid": "prowler",
            "vendor_name": "Prowler",
            "version": "5.12.3"
        },
        "profiles": [
            "cloud",
            "datetime"
        ],
        "version": "1.5.0"
    },
    "severity_id": 4,
    "severity": "High",
    "status": "New",
    "status_code": "FAIL",
    "status_detail": "Repository Nube_prueba does not enforce status checks.",
    "status_id": 1,
    "unmapped": {
        "related_url": "https://docs.github.com/en/repositories/configuring-branches-and-merges-in-your-repository/managing-protected-branches/about-protected-branches#require-status-checks-before-merging",
        "categories": [],
        "depends_on": [],
        "related_to": [],
        "notes": "",
        "compliance": {
            "CIS-1.0": [
                "1.1.9"
            ]
        }
    },
    "activity_name": "Create",
    "activity_id": 1,
    "finding_info": {
        "created_time": 1759312655,
        "created_time_dt": "2025-10-01T09:57:35.829058",
        "desc": "Ensure that the repository enforces status checks to pass before merging code into the main branch.",
        "title": "Check if repository enforces status checks to pass",
        "types": [],
        "uid": "prowler-github-repository_default_branch_status_checks_required-111091646-Nicolas2409-Nube_prueba"
    },
    "resources": [
        {
            "region": "Nicolas2409",
            "data": {
                "details": "",
                "metadata": {
                    "id": 1068142086,
                    "name": "Nube_prueba",
                    "owner": "Nicolas2409",
                    "full_name": "Nicolas2409/Nube_prueba",
                    "default_branch": {
                        "name": "main",
                        "protected": false,
                        "default_branch": true,
                        "require_pull_request": false,
                        "approval_count": 0,
                        "required_linear_history": false,
                        "allow_force_pushes": true,
                        "branch_deletion": true,
                        "status_checks": false,
                        "enforce_admins": false,
                        "require_code_owner_reviews": false,
                        "require_signed_commits": false,
                        "conversation_resolution": false
                    },
                    "private": false,
                    "archived": false,
                    "pushed_at": "2025-10-01T23:21:59+00:00",
                    "securitymd": false,
                    "codeowners_exists": false,
                    "secret_scanning_enabled": false,
                    "dependabot_alerts_enabled": false,
                    "delete_branch_on_merge": false
                }
            },
            "group": {
                "name": "repository"
            },
            "labels": [],
            "name": "Nube_prueba",
            "type": "GithubRepository",
            "uid": "1068142086"
        }
    ],
    "category_name": "Findings",
    "class_name": "Detection Finding",
    "cloud": {
        "account": {
            "name": "Nicolas2409",
            "type": "Other",
            "type_id": 99,
            "uid": "111091646",
            "labels": []
        },
        "org": {},
        "provider": "github",
        "region": "Nicolas2409"
    },
    "remediation": {
        "desc": "Require all predefined status checks to pass successfully before allowing code changes to be merged. This ensures that all quality, stability, and security conditions are met, reducing the likelihood of errors or vulnerabilities being introduced into the project.",
        "references": [
            "https://docs.github.com/en/repositories/configuring-branches-and-merges-in-your-repository/managing-protected-branches/managing-a-branch-protection-rule"
        ]
    },
    "risk_details": "Merging code without requiring all checks to pass increases the risk of introducing bugs, vulnerabilities, or unstable changes into the codebase. This can compromise the quality, security, and functionality of the application.",
    "time": 1759312655,
    "time_dt": "2025-10-01T09:57:35.829058",
    "type_uid": 200401,
    "type_name": "Detection Finding: Create",
    "category_uid": 2,
    "class_uid": 2004
},{
    "message": "Repository Nube_prueba does not have package vulnerability scanning (Dependabot alerts) enabled.",
    "metadata": {
        "event_code": "repository_dependency_scanning_enabled",
        "product": {
            "name": "Prowler",
            "uid": "prowler",
            "vendor_name": "Prowler",
            "version": "5.12.3"
        },
        "profiles": [
            "cloud",
            "datetime"
        ],
        "version": "1.5.0"
    },
    "severity_id": 4,
    "severity": "High",
    "status": "New",
    "status_code": "FAIL",
    "status_detail": "Repository Nube_prueba does not have package vulnerability scanning (Dependabot alerts) enabled.",
    "status_id": 1,
    "unmapped": {
        "related_url": "https://docs.github.com/en/code-security/dependabot/dependabot-alerts/about-dependabot-alerts",
        "categories": [],
        "depends_on": [],
        "related_to": [],
        "notes": "",
        "compliance": {
            "CIS-1.0": [
                "1.5.5"
            ]
        }
    },
    "activity_name": "Create",
    "activity_id": 1,
    "finding_info": {
        "created_time": 1759312655,
        "created_time_dt": "2025-10-01T09:57:35.829058",
        "desc": "Implement scanning tools to detect, prevent, and monitor known open-source vulnerabilities in packages used within the organization's projects. This check verifies that dependency/package vulnerability scanning (e.g., Dependabot alerts) is enabled for the repository.",
        "title": "Check if package vulnerability scanning is enabled for dependencies in the repository",
        "types": [],
        "uid": "prowler-github-repository_dependency_scanning_enabled-111091646-Nicolas2409-Nube_prueba"
    },
    "resources": [
        {
            "region": "Nicolas2409",
            "data": {
                "details": "",
                "metadata": {
                    "id": 1068142086,
                    "name": "Nube_prueba",
                    "owner": "Nicolas2409",
                    "full_name": "Nicolas2409/Nube_prueba",
                    "default_branch": {
                        "name": "main",
                        "protected": false,
                        "default_branch": true,
                        "require_pull_request": false,
                        "approval_count": 0,
                        "required_linear_history": false,
                        "allow_force_pushes": true,
                        "branch_deletion": true,
                        "status_checks": false,
                        "enforce_admins": false,
                        "require_code_owner_reviews": false,
                        "require_signed_commits": false,
                        "conversation_resolution": false
                    },
                    "private": false,
                    "archived": false,
                    "pushed_at": "2025-10-01T23:21:59+00:00",
                    "securitymd": false,
                    "codeowners_exists": false,
                    "secret_scanning_enabled": false,
                    "dependabot_alerts_enabled": false,
                    "delete_branch_on_merge": false
                }
            },
            "group": {
                "name": "repository"
            },
            "labels": [],
            "name": "Nube_prueba",
            "type": "GitHubRepository",
            "uid": "1068142086"
        }
    ],
    "category_name": "Findings",
    "class_name": "Detection Finding",
    "cloud": {
        "account": {
            "name": "Nicolas2409",
            "type": "Other",
            "type_id": 99,
            "uid": "111091646",
            "labels": []
        },
        "org": {},
        "provider": "github",
        "region": "Nicolas2409"
    },
    "remediation": {
        "desc": "Enable Dependabot alerts or another package vulnerability scanner in the repository settings to automatically detect and alert on vulnerable dependencies.",
        "references": [
            "https://docs.github.com/en/code-security/dependabot/dependabot-alerts/about-dependabot-alerts"
        ]
    },
    "risk_details": "If package vulnerability scanning is not enabled, known vulnerabilities in dependencies may go undetected, increasing the risk of exploitation and security breaches.",
    "time": 1759312655,
    "time_dt": "2025-10-01T09:57:35.829058",
    "type_uid": 200401,
    "type_name": "Detection Finding: Create",
    "category_uid": 2,
    "class_uid": 2004
},{
    "message": "Repository Nube_prueba does not have a CODEOWNERS file.",
    "metadata": {
        "event_code": "repository_has_codeowners_file",
        "product": {
            "name": "Prowler",
            "uid": "prowler",
            "vendor_name": "Prowler",
            "version": "5.12.3"
        },
        "profiles": [
            "cloud",
            "datetime"
        ],
        "version": "1.5.0"
    },
    "severity_id": 4,
    "severity": "High",
    "status": "New",
    "status_code": "FAIL",
    "status_detail": "Repository Nube_prueba does not have a CODEOWNERS file.",
    "status_id": 1,
    "unmapped": {
        "related_url": "https://docs.github.com/en/repositories/managing-your-repositorys-settings-and-features/customizing-your-repository/about-code-owners",
        "categories": [],
        "depends_on": [],
        "related_to": [],
        "notes": "",
        "compliance": {
            "CIS-1.0": [
                "1.1.6"
            ]
        }
    },
    "activity_name": "Create",
    "activity_id": 1,
    "finding_info": {
        "created_time": 1759312655,
        "created_time_dt": "2025-10-01T09:57:35.829058",
        "desc": "Ensure that repositories have a CODEOWNERS file.",
        "title": "Check if repositories have a CODEOWNERS file",
        "types": [],
        "uid": "prowler-github-repository_has_codeowners_file-111091646-Nicolas2409-Nube_prueba"
    },
    "resources": [
        {
            "region": "Nicolas2409",
            "data": {
                "details": "",
                "metadata": {
                    "id": 1068142086,
                    "name": "Nube_prueba",
                    "owner": "Nicolas2409",
                    "full_name": "Nicolas2409/Nube_prueba",
                    "default_branch": {
                        "name": "main",
                        "protected": false,
                        "default_branch": true,
                        "require_pull_request": false,
                        "approval_count": 0,
                        "required_linear_history": false,
                        "allow_force_pushes": true,
                        "branch_deletion": true,
                        "status_checks": false,
                        "enforce_admins": false,
                        "require_code_owner_reviews": false,
                        "require_signed_commits": false,
                        "conversation_resolution": false
                    },
                    "private": false,
                    "archived": false,
                    "pushed_at": "2025-10-01T23:21:59+00:00",
                    "securitymd": false,
                    "codeowners_exists": false,
                    "secret_scanning_enabled": false,
                    "dependabot_alerts_enabled": false,
                    "delete_branch_on_merge": false
                }
            },
            "group": {
                "name": "repository"
            },
            "labels": [],
            "name": "Nube_prueba",
            "type": "GitHubRepository",
            "uid": "1068142086"
        }
    ],
    "category_name": "Findings",
    "class_name": "Detection Finding",
    "cloud": {
        "account": {
            "name": "Nicolas2409",
            "type": "Other",
            "type_id": 99,
            "uid": "111091646",
            "labels": []
        },
        "org": {},
        "provider": "github",
        "region": "Nicolas2409"
    },
    "remediation": {
        "desc": "Add a CODEOWNERS file to the root, .github/, or docs/ directory of the repository. The file should specify code owners for files and directories as appropriate for your organization.",
        "references": [
            "https://docs.github.com/en/repositories/managing-your-repositorys-settings-and-features/customizing-your-repository/about-code-owners"
        ]
    },
    "risk_details": "Not having a CODEOWNERS file in a repository may lead to unclear code ownership and review responsibilities, increasing the risk of unreviewed or unauthorized changes.",
    "time": 1759312655,
    "time_dt": "2025-10-01T09:57:35.829058",
    "type_uid": 200401,
    "type_name": "Detection Finding: Create",
    "category_uid": 2,
    "class_uid": 2004
},{
    "message": "Repository Nube_prueba has been active within the last 180 days (0 days ago).",
    "metadata": {
        "event_code": "repository_inactive_not_archived",
        "product": {
            "name": "Prowler",
            "uid": "prowler",
            "vendor_name": "Prowler",
            "version": "5.12.3"
        },
        "profiles": [
            "cloud",
            "datetime"
        ],
        "version": "1.5.0"
    },
    "severity_id": 3,
    "severity": "Medium",
    "status": "New",
    "status_code": "PASS",
    "status_detail": "Repository Nube_prueba has been active within the last 180 days (0 days ago).",
    "status_id": 1,
    "unmapped": {
        "related_url": "https://docs.github.com/en/repositories/archiving-a-github-repository/archiving-repositories",
        "categories": [],
        "depends_on": [],
        "related_to": [],
        "notes": "",
        "compliance": {
            "CIS-1.0": [
                "1.1.8"
            ]
        }
    },
    "activity_name": "Create",
    "activity_id": 1,
    "finding_info": {
        "created_time": 1759312655,
        "created_time_dt": "2025-10-01T09:57:35.829058",
        "desc": "Ensure that repositories with no activity are reviewed and considered for archival. Inactive repositories may have outdated dependencies or security configurations that could pose security risks.",
        "title": "Check for inactive repositories that are not archived",
        "types": [],
        "uid": "prowler-github-repository_inactive_not_archived-111091646-Nicolas2409-Nube_prueba"
    },
    "resources": [
        {
            "region": "Nicolas2409",
            "data": {
                "details": "",
                "metadata": {
                    "id": 1068142086,
                    "name": "Nube_prueba",
                    "owner": "Nicolas2409",
                    "full_name": "Nicolas2409/Nube_prueba",
                    "default_branch": {
                        "name": "main",
                        "protected": false,
                        "default_branch": true,
                        "require_pull_request": false,
                        "approval_count": 0,
                        "required_linear_history": false,
                        "allow_force_pushes": true,
                        "branch_deletion": true,
                        "status_checks": false,
                        "enforce_admins": false,
                        "require_code_owner_reviews": false,
                        "require_signed_commits": false,
                        "conversation_resolution": false
                    },
                    "private": false,
                    "archived": false,
                    "pushed_at": "2025-10-01T23:21:59+00:00",
                    "securitymd": false,
                    "codeowners_exists": false,
                    "secret_scanning_enabled": false,
                    "dependabot_alerts_enabled": false,
                    "delete_branch_on_merge": false
                }
            },
            "group": {
                "name": "repository"
            },
            "labels": [],
            "name": "Nube_prueba",
            "type": "GitHubRepository",
            "uid": "1068142086"
        }
    ],
    "category_name": "Findings",
    "class_name": "Detection Finding",
    "cloud": {
        "account": {
            "name": "Nicolas2409",
            "type": "Other",
            "type_id": 99,
            "uid": "111091646",
            "labels": []
        },
        "org": {},
        "provider": "github",
        "region": "Nicolas2409"
    },
    "remediation": {
        "desc": "Review inactive repositories and either: 1) Archive them if they are no longer needed, 2) Update their dependencies and security configurations if they are still required, or 3) Delete them if they contain no valuable information.",
        "references": [
            "https://docs.github.com/en/repositories/archiving-a-github-repository/archiving-repositories"
        ]
    },
    "risk_details": "Inactive repositories that are not archived may contain outdated dependencies, unpatched vulnerabilities, or misconfigured security settings. These repositories increase the attack surface and could be targeted by malicious actors.",
    "time": 1759312655,
    "time_dt": "2025-10-01T09:57:35.829058",
    "type_uid": 200401,
    "type_name": "Detection Finding: Create",
    "category_uid": 2,
    "class_uid": 2004
},{
    "message": "Repository Nube_prueba does not have a SECURITY.md file.",
    "metadata": {
        "event_code": "repository_public_has_securitymd_file",
        "product": {
            "name": "Prowler",
            "uid": "prowler",
            "vendor_name": "Prowler",
            "version": "5.12.3"
        },
        "profiles": [
            "cloud",
            "datetime"
        ],
        "version": "1.5.0"
    },
    "severity_id": 2,
    "severity": "Low",
    "status": "New",
    "status_code": "FAIL",
    "status_detail": "Repository Nube_prueba does not have a SECURITY.md file.",
    "status_id": 1,
    "unmapped": {
        "related_url": "https://docs.github.com/en/code-security/getting-started/adding-a-security-policy-to-your-repository",
        "categories": [],
        "depends_on": [],
        "related_to": [],
        "notes": "",
        "compliance": {
            "CIS-1.0": [
                "1.2.1"
            ]
        }
    },
    "activity_name": "Create",
    "activity_id": 1,
    "finding_info": {
        "created_time": 1759312655,
        "created_time_dt": "2025-10-01T09:57:35.829058",
        "desc": "Ensure that public repositories have a SECURITY.md file",
        "title": "Check if public repositories have a SECURITY.md file",
        "types": [],
        "uid": "prowler-github-repository_public_has_securitymd_file-111091646-Nicolas2409-Nube_prueba"
    },
    "resources": [
        {
            "region": "Nicolas2409",
            "data": {
                "details": "",
                "metadata": {
                    "id": 1068142086,
                    "name": "Nube_prueba",
                    "owner": "Nicolas2409",
                    "full_name": "Nicolas2409/Nube_prueba",
                    "default_branch": {
                        "name": "main",
                        "protected": false,
                        "default_branch": true,
                        "require_pull_request": false,
                        "approval_count": 0,
                        "required_linear_history": false,
                        "allow_force_pushes": true,
                        "branch_deletion": true,
                        "status_checks": false,
                        "enforce_admins": false,
                        "require_code_owner_reviews": false,
                        "require_signed_commits": false,
                        "conversation_resolution": false
                    },
                    "private": false,
                    "archived": false,
                    "pushed_at": "2025-10-01T23:21:59+00:00",
                    "securitymd": false,
                    "codeowners_exists": false,
                    "secret_scanning_enabled": false,
                    "dependabot_alerts_enabled": false,
                    "delete_branch_on_merge": false
                }
            },
            "group": {
                "name": "repository"
            },
            "labels": [],
            "name": "Nube_prueba",
            "type": "GitHubRepository",
            "uid": "1068142086"
        }
    ],
    "category_name": "Findings",
    "class_name": "Detection Finding",
    "cloud": {
        "account": {
            "name": "Nicolas2409",
            "type": "Other",
            "type_id": 99,
            "uid": "111091646",
            "labels": []
        },
        "org": {},
        "provider": "github",
        "region": "Nicolas2409"
    },
    "remediation": {
        "desc": "Add a SECURITY.md file to the root of the repository. The file should contain information on how to report a security vulnerability, the security policy of the repository, and any other relevant information.",
        "references": [
            "https://github.blog/changelog/2019-05-23-security-policy/"
        ]
    },
    "risk_details": "Not having a SECURITY.md file in a public repository may lead to security vulnerabilities being overlooked by users and contributors.",
    "time": 1759312655,
    "time_dt": "2025-10-01T09:57:35.829058",
    "type_uid": 200401,
    "type_name": "Detection Finding: Create",
    "category_uid": 2,
    "class_uid": 2004
},{
    "message": "Repository Nube_prueba does not have secret scanning enabled to detect sensitive data.",
    "metadata": {
        "event_code": "repository_secret_scanning_enabled",
        "product": {
            "name": "Prowler",
            "uid": "prowler",
            "vendor_name": "Prowler",
            "version": "5.12.3"
        },
        "profiles": [
            "cloud",
            "datetime"
        ],
        "version": "1.5.0"
    },
    "severity_id": 4,
    "severity": "High",
    "status": "New",
    "status_code": "FAIL",
    "status_detail": "Repository Nube_prueba does not have secret scanning enabled to detect sensitive data.",
    "status_id": 1,
    "unmapped": {
        "related_url": "https://docs.github.com/en/code-security/secret-scanning/about-secret-scanning",
        "categories": [],
        "depends_on": [],
        "related_to": [],
        "notes": "",
        "compliance": {
            "CIS-1.0": [
                "1.5.1"
            ]
        }
    },
    "activity_name": "Create",
    "activity_id": 1,
    "finding_info": {
        "created_time": 1759312655,
        "created_time_dt": "2025-10-01T09:57:35.829058",
        "desc": "Ensure that scanners are in place to detect and prevent sensitive data, such as confidential ID numbers, passwords, and other sensitive information, from being committed in the source code. This check verifies that secret scanning is enabled to identify and prevent sensitive data from being included in the repository.",
        "title": "Check if secret scanning is enabled to detect sensitive data in the repository",
        "types": [],
        "uid": "prowler-github-repository_secret_scanning_enabled-111091646-Nicolas2409-Nube_prueba"
    },
    "resources": [
        {
            "region": "Nicolas2409",
            "data": {
                "details": "",
                "metadata": {
                    "id": 1068142086,
                    "name": "Nube_prueba",
                    "owner": "Nicolas2409",
                    "full_name": "Nicolas2409/Nube_prueba",
                    "default_branch": {
                        "name": "main",
                        "protected": false,
                        "default_branch": true,
                        "require_pull_request": false,
                        "approval_count": 0,
                        "required_linear_history": false,
                        "allow_force_pushes": true,
                        "branch_deletion": true,
                        "status_checks": false,
                        "enforce_admins": false,
                        "require_code_owner_reviews": false,
                        "require_signed_commits": false,
                        "conversation_resolution": false
                    },
                    "private": false,
                    "archived": false,
                    "pushed_at": "2025-10-01T23:21:59+00:00",
                    "securitymd": false,
                    "codeowners_exists": false,
                    "secret_scanning_enabled": false,
                    "dependabot_alerts_enabled": false,
                    "delete_branch_on_merge": false
                }
            },
            "group": {
                "name": "repository"
            },
            "labels": [],
            "name": "Nube_prueba",
            "type": "GitHubRepository",
            "uid": "1068142086"
        }
    ],
    "category_name": "Findings",
    "class_name": "Detection Finding",
    "cloud": {
        "account": {
            "name": "Nicolas2409",
            "type": "Other",
            "type_id": 99,
            "uid": "111091646",
            "labels": []
        },
        "org": {},
        "provider": "github",
        "region": "Nicolas2409"
    },
    "remediation": {
        "desc": "Enable secret scanning in the repository settings to automatically detect and prevent sensitive data from being committed to the codebase.",
        "references": [
            "https://docs.github.com/en/code-security/secret-scanning/about-secret-scanning"
        ]
    },
    "risk_details": "If secret scanning is not enabled, sensitive data may be inadvertently committed to the repository, increasing the risk of data breaches and exploitation by attackers.",
    "time": 1759312655,
    "time_dt": "2025-10-01T09:57:35.829058",
    "type_uid": 200401,
    "type_name": "Detection Finding: Create",
    "category_uid": 2,
    "class_uid": 2004
}]